,device,devId,productKey,message,sensorType,group,userAction,activityUserAction,timeStamp,space
0,QUARTO_LAMPADA-001,dispf34127e9d687887832c76c7fed087a61,435a6fsdfsdfs879s9fs7,"{'status': [{'code': 'switch_led', 'value': 'OFF'}, {'code': 'bright_value_v2', 'value': 1000}, {'code': 'temp_value_v2', 'value': 500}]}",atuador,['Mayki'],Mayki,IR_NA_VARANDA,2024-10-03 21:19:45.058238,QUARTO
1,QUARTO_SENSOR_PRESENCA-002,dispcb84ddaedb893afc1d478e18a6a44419,0s9d8f9s0d8f0s9df8s0f8,"{'status': [{'code': 'presence_state', 'value': 'OFF'}, {'code': 'human_motion_state', 'value': 'NONE'}]}",sensor,['Mayki'],Mayki,IR_NA_VARANDA,2024-10-03 21:19:45.175270,QUARTO
2,QUARTO_SENSOR_PRESENCA-002,dispcb84ddaedb893afc1d478e18a6a44419,0s9d8f9s0d8f0s9df8s0f8,"{'status': [{'code': 'presence_state', 'value': 'ON'}, {'code': 'human_motion_state', 'value': 'LARGER_MOVE'}]}",sensor,['Mayki'],Mayki,USAR_PC_NOITE_FIM_QUI,2024-10-03 21:29:45.793154,QUARTO
3,QUARTO_LAMPADA-001,dispf34127e9d687887832c76c7fed087a61,435a6fsdfsdfs879s9fs7,"{'status': [{'code': 'switch_led', 'value': 'ON'}, {'code': 'bright_value_v2', 'value': 1000}, {'code': 'temp_value_v2', 'value': 500}]}",atuador,['Mayki'],Mayki,USAR_PC_NOITE_FIM_QUI,2024-10-03 21:29:50.396464,QUARTO
4,QUARTO_LAMPADA-001,dispf34127e9d687887832c76c7fed087a61,435a6fsdfsdfs879s9fs7,"{'status': [{'code': 'switch_led', 'value': 'OFF'}, {'code': 'bright_value_v2', 'value': 1000}, {'code': 'temp_value_v2', 'value': 500}]}",atuador,['Mayki'],Mayki,PREPARAR_LANCHE,2024-10-03 21:50:16.632904,QUARTO
5,QUARTO_SENSOR_PRESENCA-002,dispcb84ddaedb893afc1d478e18a6a44419,0s9d8f9s0d8f0s9df8s0f8,"{'status': [{'code': 'presence_state', 'value': 'OFF'}, {'code': 'human_motion_state', 'value': 'NONE'}]}",sensor,['Mayki'],Mayki,PREPARAR_LANCHE,2024-10-03 21:50:16.652913,QUARTO
6,QUARTO_SENSOR_PRESENCA-002,dispcb84ddaedb893afc1d478e18a6a44419,0s9d8f9s0d8f0s9df8s0f8,"{'status': [{'code': 'presence_state', 'value': 'ON'}, {'code': 'human_motion_state', 'value': 'LARGER_MOVE'}]}",sensor,['Mayki'],Mayki,USAR_PC_NOITE_FIM_QUI,2024-10-03 22:03:16.990843,QUARTO
7,QUARTO_LAMPADA-001,dispf34127e9d687887832c76c7fed087a61,435a6fsdfsdfs879s9fs7,"{'status': [{'code': 'switch_led', 'value': 'ON'}, {'code': 'bright_value_v2', 'value': 1000}, {'code': 'temp_value_v2', 'value': 500}]}",atuador,['Mayki'],Mayki,USAR_PC_NOITE_FIM_QUI,2024-10-03 22:03:21.357290,QUARTO
8,QUARTO_LAMPADA-001,dispf34127e9d687887832c76c7fed087a61,435a6fsdfsdfs879s9fs7,"{'status': [{'code': 'switch_led', 'value': 'OFF'}, {'code': 'bright_value_v2', 'value': 1000}, {'code': 'temp_value_v2', 'value': 500}]}",atuador,['Mayki'],Mayki,BEBER_AGUA,2024-10-03 23:03:56.504463,QUARTO
9,QUARTO_SENSOR_PRESENCA-002,dispcb84ddaedb893afc1d478e18a6a44419,0s9d8f9s0d8f0s9df8s0f8,"{'status': [{'code': 'presence_state', 'value': 'OFF'}, {'code': 'human_motion_state', 'value': 'NONE'}]}",sensor,['Mayki'],Mayki,BEBER_AGUA,2024-10-03 23:03:56.490145,QUARTO
10,QUARTO_SENSOR_PRESENCA-002,dispcb84ddaedb893afc1d478e18a6a44419,0s9d8f9s0d8f0s9df8s0f8,"{'status': [{'code': 'presence_state', 'value': 'ON'}, {'code': 'human_motion_state', 'value': 'LARGER_MOVE'}]}",sensor,['Mayki'],Mayki,USAR_PC_NOITE_FIM_QUI,2024-10-03 23:09:56.571143,QUARTO
11,QUARTO_LAMPADA-001,dispf34127e9d687887832c76c7fed087a61,435a6fsdfsdfs879s9fs7,"{'status': [{'code': 'switch_led', 'value': 'ON'}, {'code': 'bright_value_v2', 'value': 1000}, {'code': 'temp_value_v2', 'value': 500}]}",atuador,['Mayki'],Mayki,USAR_PC_NOITE_FIM_QUI,2024-10-03 23:10:01.484999,QUARTO
12,QUARTO_LAMPADA-001,dispf34127e9d687887832c76c7fed087a61,435a6fsdfsdfs879s9fs7,"{'status': [{'code': 'switch_led', 'value': 'OFF'}, {'code': 'bright_value_v2', 'value': 1000}, {'code': 'temp_value_v2', 'value': 500}]}",atuador,['Mayki'],Mayki,IR_NA_VARANDA,2024-10-04 00:13:00.550044,QUARTO
13,QUARTO_SENSOR_PRESENCA-002,dispcb84ddaedb893afc1d478e18a6a44419,0s9d8f9s0d8f0s9df8s0f8,"{'status': [{'code': 'presence_state', 'value': 'OFF'}, {'code': 'human_motion_state', 'value': 'NONE'}]}",sensor,['Mayki'],Mayki,IR_NA_VARANDA,2024-10-04 00:13:00.297908,QUARTO
14,QUARTO_SENSOR_PRESENCA-002,dispcb84ddaedb893afc1d478e18a6a44419,0s9d8f9s0d8f0s9df8s0f8,"{'status': [{'code': 'presence_state', 'value': 'ON'}, {'code': 'human_motion_state', 'value': 'LARGER_MOVE'}]}",sensor,['Mayki'],Mayki,USAR_PC_MADRUGADA_INICIO_SEX,2024-10-04 00:23:00.257198,QUARTO
15,QUARTO_LAMPADA-001,dispf34127e9d687887832c76c7fed087a61,435a6fsdfsdfs879s9fs7,"{'status': [{'code': 'switch_led', 'value': 'ON'}, {'code': 'bright_value_v2', 'value': 1000}, {'code': 'temp_value_v2', 'value': 500}]}",atuador,['Mayki'],Mayki,USAR_PC_MADRUGADA_INICIO_SEX,2024-10-04 00:23:05.570852,QUARTO
16,QUARTO_LAMPADA-001,dispf34127e9d687887832c76c7fed087a61,435a6fsdfsdfs879s9fs7,"{'status': [{'code': 'switch_led', 'value': 'OFF'}, {'code': 'bright_value_v2', 'value': 1000}, {'code': 'temp_value_v2', 'value': 500}]}",atuador,['Mayki'],Mayki,IR_NA_VARANDA,2024-10-04 00:23:54.930648,QUARTO
17,QUARTO_SENSOR_PRESENCA-002,dispcb84ddaedb893afc1d478e18a6a44419,0s9d8f9s0d8f0s9df8s0f8,"{'status': [{'code': 'presence_state', 'value': 'OFF'}, {'code': 'human_motion_state', 'value': 'NONE'}]}",sensor,['Mayki'],Mayki,IR_NA_VARANDA,2024-10-04 00:23:54.867814,QUARTO
18,QUARTO_SENSOR_PRESENCA-002,dispcb84ddaedb893afc1d478e18a6a44419,0s9d8f9s0d8f0s9df8s0f8,"{'status': [{'code': 'presence_state', 'value': 'ON'}, {'code': 'human_motion_state', 'value': 'LARGER_MOVE'}]}",sensor,['Mayki'],Mayki,USAR_PC_MADRUGADA_INICIO_SEX,2024-10-04 00:33:54.424666,QUARTO
19,QUARTO_LAMPADA-001,dispf34127e9d687887832c76c7fed087a61,435a6fsdfsdfs879s9fs7,"{'status': [{'code': 'switch_led', 'value': 'ON'}, {'code': 'bright_value_v2', 'value': 1000}, {'code': 'temp_value_v2', 'value': 500}]}",atuador,['Mayki'],Mayki,USAR_PC_MADRUGADA_INICIO_SEX,2024-10-04 00:33:59.998459,QUARTO
20,QUARTO_LAMPADA-001,dispf34127e9d687887832c76c7fed087a61,435a6fsdfsdfs879s9fs7,"{'status': [{'code': 'switch_led', 'value': 'OFF'}, {'code': 'bright_value_v2', 'value': 1000}, {'code': 'temp_value_v2', 'value': 500}]}",atuador,['Mayki'],Mayki,USAR_PC_MADRUGADA_INICIO_SEX,2024-10-04 00:56:41.268170,QUARTO
21,QUARTO_PLUG_01-003,dispe3d457f8ccadfa505c7579f0d2a7f630,3s2d1f0sdf1sdf18s79sddf,"{'status': [{'code': 'switch_1', 'value': 'OFF'}]}",atuador,['Mayki'],Mayki,USAR_PC_MADRUGADA_INICIO_SEX,2024-10-04 00:57:08.408370,QUARTO
22,QUARTO_PLUG_02-004,disp4af167c9d4df8acd2894e2f77c7aec28,3s2d1f0sdf1sdf18s79sddf,"{'status': [{'code': 'switch_1', 'value': 'ON'}]}",atuador,['Mayki'],Mayki,DORMIR,2024-10-04 00:57:13.929681,QUARTO
23,QUARTO_SENSOR_PRESENCA-002,dispcb84ddaedb893afc1d478e18a6a44419,0s9d8f9s0d8f0s9df8s0f8,"{'status': [{'code': 'presence_state', 'value': 'OFF'}, {'code': 'human_motion_state', 'value': 'NONE'}]}",sensor,['Mayki'],Mayki,USAR_BANHEIRO,2024-10-04 03:37:32.651096,QUARTO
24,QUARTO_SENSOR_PRESENCA-002,dispcb84ddaedb893afc1d478e18a6a44419,0s9d8f9s0d8f0s9df8s0f8,"{'status': [{'code': 'presence_state', 'value': 'ON'}, {'code': 'human_motion_state', 'value': 'LARGER_MOVE'}]}",sensor,['Mayki'],Mayki,DORMIR,2024-10-04 03:42:32.266880,QUARTO
25,QUARTO_SENSOR_PRESENCA-002,dispcb84ddaedb893afc1d478e18a6a44419,0s9d8f9s0d8f0s9df8s0f8,"{'status': [{'code': 'presence_state', 'value': 'OFF'}, {'code': 'human_motion_state', 'value': 'NONE'}]}",sensor,['Mayki'],Mayki,USAR_BANHEIRO,2024-10-04 04:32:53.619429,QUARTO
26,QUARTO_SENSOR_PRESENCA-002,dispcb84ddaedb893afc1d478e18a6a44419,0s9d8f9s0d8f0s9df8s0f8,"{'status': [{'code': 'presence_state', 'value': 'ON'}, {'code': 'human_motion_state', 'value': 'LARGER_MOVE'}]}",sensor,['Mayki'],Mayki,DORMIR,2024-10-04 04:37:53.022746,QUARTO
27,QUARTO_PLUG_02-004,disp4af167c9d4df8acd2894e2f77c7aec28,3s2d1f0sdf1sdf18s79sddf,"{'status': [{'code': 'switch_1', 'value': 'OFF'}]}",atuador,['Mayki'],Mayki,DORMIR_30M,2024-10-04 08:33:33.607097,QUARTO
28,QUARTO_SENSOR_PRESENCA-002,dispcb84ddaedb893afc1d478e18a6a44419,0s9d8f9s0d8f0s9df8s0f8,"{'status': [{'code': 'presence_state', 'value': 'OFF'}, {'code': 'human_motion_state', 'value': 'NONE'}]}",sensor,['Mayki'],Mayki,DORMIR_30M,2024-10-04 08:33:33.418987,QUARTO
29,QUARTO_SENSOR_PRESENCA-002,dispcb84ddaedb893afc1d478e18a6a44419,0s9d8f9s0d8f0s9df8s0f8,"{'status': [{'code': 'presence_state', 'value': 'ON'}, {'code': 'human_motion_state', 'value': 'LARGER_MOVE'}]}",sensor,['Mayki'],Mayki,FAZER_NADA_DIA,2024-10-04 08:41:33.581235,QUARTO
30,QUARTO_SENSOR_PRESENCA-002,dispcb84ddaedb893afc1d478e18a6a44419,0s9d8f9s0d8f0s9df8s0f8,"{'status': [{'code': 'presence_state', 'value': 'OFF'}, {'code': 'human_motion_state', 'value': 'NONE'}]}",sensor,['Mayki'],Mayki,FAZER_NADA_DIA,2024-10-04 09:04:47.325590,QUARTO
31,QUARTO_SENSOR_PRESENCA-002,dispcb84ddaedb893afc1d478e18a6a44419,0s9d8f9s0d8f0s9df8s0f8,"{'status': [{'code': 'presence_state', 'value': 'ON'}, {'code': 'human_motion_state', 'value': 'LARGER_MOVE'}]}",sensor,['Mayki'],Mayki,FAZER_NADA_NOITE,2024-10-04 17:29:43.588928,QUARTO
32,QUARTO_LAMPADA-001,dispf34127e9d687887832c76c7fed087a61,435a6fsdfsdfs879s9fs7,"{'status': [{'code': 'switch_led', 'value': 'ON'}, {'code': 'bright_value_v2', 'value': 1000}, {'code': 'temp_value_v2', 'value': 500}]}",atuador,['Mayki'],Mayki,FAZER_NADA_NOITE,2024-10-04 17:29:48.792580,QUARTO
33,QUARTO_PLUG_01-003,dispe3d457f8ccadfa505c7579f0d2a7f630,3s2d1f0sdf1sdf18s79sddf,"{'status': [{'code': 'switch_1', 'value': 'ON'}]}",atuador,['Mayki'],Mayki,USAR_PC_NOITE_VAZIO,2024-10-04 17:40:44.610676,QUARTO
34,QUARTO_LAMPADA-001,dispf34127e9d687887832c76c7fed087a61,435a6fsdfsdfs879s9fs7,"{'status': [{'code': 'switch_led', 'value': 'OFF'}, {'code': 'bright_value_v2', 'value': 1000}, {'code': 'temp_value_v2', 'value': 500}]}",atuador,['Mayki'],Mayki,USAR_PC_NOITE_VAZIO,2024-10-04 19:54:51.804595,QUARTO
35,QUARTO_PLUG_01-003,dispe3d457f8ccadfa505c7579f0d2a7f630,3s2d1f0sdf1sdf18s79sddf,"{'status': [{'code': 'switch_1', 'value': 'OFF'}]}",atuador,['Mayki'],Mayki,USAR_PC_NOITE_VAZIO,2024-10-04 19:55:24.871541,QUARTO
36,QUARTO_PLUG_02-004,disp4af167c9d4df8acd2894e2f77c7aec28,3s2d1f0sdf1sdf18s79sddf,"{'status': [{'code': 'switch_1', 'value': 'ON'}]}",atuador,['Mayki'],Mayki,DORMIR_NOITE_FIM,2024-10-04 19:55:29.320088,QUARTO
37,QUARTO_PLUG_02-004,disp4af167c9d4df8acd2894e2f77c7aec28,3s2d1f0sdf1sdf18s79sddf,"{'status': [{'code': 'switch_1', 'value': 'OFF'}]}",atuador,['Mayki'],Mayki,DORMIR_NOITE_FIM,2024-10-05 00:00:22.575831,QUARTO
38,QUARTO_LAMPADA-001,dispf34127e9d687887832c76c7fed087a61,435a6fsdfsdfs879s9fs7,"{'status': [{'code': 'switch_led', 'value': 'ON'}, {'code': 'bright_value_v2', 'value': 1000}, {'code': 'temp_value_v2', 'value': 500}]}",atuador,['Mayki'],Mayki,USAR_PC_MADRUGADA_INICIO_30M,2024-10-05 00:00:52.873855,QUARTO
39,QUARTO_PLUG_01-003,dispe3d457f8ccadfa505c7579f0d2a7f630,3s2d1f0sdf1sdf18s79sddf,"{'status': [{'code': 'switch_1', 'value': 'ON'}]}",atuador,['Mayki'],Mayki,USAR_PC_MADRUGADA_INICIO_30M,2024-10-05 00:00:57.320135,QUARTO
40,QUARTO_LAMPADA-001,dispf34127e9d687887832c76c7fed087a61,435a6fsdfsdfs879s9fs7,"{'status': [{'code': 'switch_led', 'value': 'OFF'}, {'code': 'bright_value_v2', 'value': 1000}, {'code': 'temp_value_v2', 'value': 500}]}",atuador,['Mayki'],Mayki,USAR_PC_MADRUGADA_INICIO_30M,2024-10-05 01:09:06.494184,QUARTO
41,QUARTO_PLUG_01-003,dispe3d457f8ccadfa505c7579f0d2a7f630,3s2d1f0sdf1sdf18s79sddf,"{'status': [{'code': 'switch_1', 'value': 'OFF'}]}",atuador,['Mayki'],Mayki,USAR_PC_MADRUGADA_INICIO_30M,2024-10-05 01:09:35.996812,QUARTO
42,QUARTO_PLUG_02-004,disp4af167c9d4df8acd2894e2f77c7aec28,3s2d1f0sdf1sdf18s79sddf,"{'status': [{'code': 'switch_1', 'value': 'ON'}]}",atuador,['Mayki'],Mayki,DORMIR_FIM_SEM,2024-10-05 01:09:40.196984,QUARTO
43,QUARTO_PLUG_02-004,disp4af167c9d4df8acd2894e2f77c7aec28,3s2d1f0sdf1sdf18s79sddf,"{'status': [{'code': 'switch_1', 'value': 'OFF'}]}",atuador,['Mayki'],Mayki,DORMIR_FIM_SEM,2024-10-05 09:42:24.398434,QUARTO
44,QUARTO_SENSOR_PRESENCA-002,dispcb84ddaedb893afc1d478e18a6a44419,0s9d8f9s0d8f0s9df8s0f8,"{'status': [{'code': 'presence_state', 'value': 'OFF'}, {'code': 'human_motion_state', 'value': 'NONE'}]}",sensor,['Mayki'],Mayki,DORMIR_FIM_SEM,2024-10-05 09:42:24.205348,QUARTO
45,QUARTO_SENSOR_PRESENCA-002,dispcb84ddaedb893afc1d478e18a6a44419,0s9d8f9s0d8f0s9df8s0f8,"{'status': [{'code': 'presence_state', 'value': 'ON'}, {'code': 'human_motion_state', 'value': 'LARGER_MOVE'}]}",sensor,['Mayki'],Mayki,USAR_PC_MANHA,2024-10-05 09:50:24.198392,QUARTO
46,QUARTO_PLUG_01-003,dispe3d457f8ccadfa505c7579f0d2a7f630,3s2d1f0sdf1sdf18s79sddf,"{'status': [{'code': 'switch_1', 'value': 'ON'}]}",atuador,['Mayki'],Mayki,USAR_PC_MANHA,2024-10-05 09:50:29.293460,QUARTO
47,QUARTO_SENSOR_PRESENCA-002,dispcb84ddaedb893afc1d478e18a6a44419,0s9d8f9s0d8f0s9df8s0f8,"{'status': [{'code': 'presence_state', 'value': 'OFF'}, {'code': 'human_motion_state', 'value': 'NONE'}]}",sensor,['Mayki'],Mayki,IR_NA_VARANDA,2024-10-05 10:20:29.616365,QUARTO
48,QUARTO_SENSOR_PRESENCA-002,dispcb84ddaedb893afc1d478e18a6a44419,0s9d8f9s0d8f0s9df8s0f8,"{'status': [{'code': 'presence_state', 'value': 'ON'}, {'code': 'human_motion_state', 'value': 'LARGER_MOVE'}]}",sensor,['Mayki'],Mayki,USAR_PC_MANHA,2024-10-05 10:30:29.091919,QUARTO
49,QUARTO_SENSOR_PRESENCA-002,dispcb84ddaedb893afc1d478e18a6a44419,0s9d8f9s0d8f0s9df8s0f8,"{'status': [{'code': 'presence_state', 'value': 'OFF'}, {'code': 'human_motion_state', 'value': 'NONE'}]}",sensor,['Mayki'],Mayki,USAR_BANHEIRO,2024-10-05 10:30:29.417557,QUARTO
50,QUARTO_SENSOR_PRESENCA-002,dispcb84ddaedb893afc1d478e18a6a44419,0s9d8f9s0d8f0s9df8s0f8,"{'status': [{'code': 'presence_state', 'value': 'ON'}, {'code': 'human_motion_state', 'value': 'LARGER_MOVE'}]}",sensor,['Mayki'],Mayki,USAR_PC_MANHA,2024-10-05 10:35:29.742327,QUARTO
51,QUARTO_SENSOR_PRESENCA-002,dispcb84ddaedb893afc1d478e18a6a44419,0s9d8f9s0d8f0s9df8s0f8,"{'status': [{'code': 'presence_state', 'value': 'OFF'}, {'code': 'human_motion_state', 'value': 'NONE'}]}",sensor,['Mayki'],Mayki,IR_NA_VARANDA,2024-10-05 10:35:29.429377,QUARTO
52,QUARTO_SENSOR_PRESENCA-002,dispcb84ddaedb893afc1d478e18a6a44419,0s9d8f9s0d8f0s9df8s0f8,"{'status': [{'code': 'presence_state', 'value': 'ON'}, {'code': 'human_motion_state', 'value': 'LARGER_MOVE'}]}",sensor,['Mayki'],Mayki,USAR_PC_MANHA,2024-10-05 10:45:29.314987,QUARTO
53,QUARTO_SENSOR_PRESENCA-002,dispcb84ddaedb893afc1d478e18a6a44419,0s9d8f9s0d8f0s9df8s0f8,"{'status': [{'code': 'presence_state', 'value': 'OFF'}, {'code': 'human_motion_state', 'value': 'NONE'}]}",sensor,['Mayki'],Mayki,IR_NA_VARANDA,2024-10-05 10:52:47.407870,QUARTO
54,QUARTO_SENSOR_PRESENCA-002,dispcb84ddaedb893afc1d478e18a6a44419,0s9d8f9s0d8f0s9df8s0f8,"{'status': [{'code': 'presence_state', 'value': 'ON'}, {'code': 'human_motion_state', 'value': 'LARGER_MOVE'}]}",sensor,['Mayki'],Mayki,USAR_PC_MANHA,2024-10-05 11:02:47.512107,QUARTO
55,QUARTO_SENSOR_PRESENCA-002,dispcb84ddaedb893afc1d478e18a6a44419,0s9d8f9s0d8f0s9df8s0f8,"{'status': [{'code': 'presence_state', 'value': 'OFF'}, {'code': 'human_motion_state', 'value': 'NONE'}]}",sensor,['Mayki'],Mayki,IR_NA_VARANDA,2024-10-05 11:42:47.038235,QUARTO
56,QUARTO_SENSOR_PRESENCA-002,dispcb84ddaedb893afc1d478e18a6a44419,0s9d8f9s0d8f0s9df8s0f8,"{'status': [{'code': 'presence_state', 'value': 'ON'}, {'code': 'human_motion_state', 'value': 'LARGER_MOVE'}]}",sensor,['Mayki'],Mayki,USAR_PC_MANHA,2024-10-05 11:52:47.887868,QUARTO
57,QUARTO_PLUG_01-003,dispe3d457f8ccadfa505c7579f0d2a7f630,3s2d1f0sdf1sdf18s79sddf,"{'status': [{'code': 'switch_1', 'value': 'OFF'}]}",atuador,['Mayki'],Mayki,USAR_PC_MANHA,2024-10-05 11:55:37.522362,QUARTO
58,QUARTO_SENSOR_PRESENCA-002,dispcb84ddaedb893afc1d478e18a6a44419,0s9d8f9s0d8f0s9df8s0f8,"{'status': [{'code': 'presence_state', 'value': 'OFF'}, {'code': 'human_motion_state', 'value': 'NONE'}]}",sensor,['Mayki'],Mayki,USAR_PC_MANHA,2024-10-05 11:55:37.797439,QUARTO
59,QUARTO_SENSOR_PRESENCA-002,dispcb84ddaedb893afc1d478e18a6a44419,0s9d8f9s0d8f0s9df8s0f8,"{'status': [{'code': 'presence_state', 'value': 'ON'}, {'code': 'human_motion_state', 'value': 'LARGER_MOVE'}]}",sensor,['Mayki'],Mayki,USAR_PC_MANHA,2024-10-05 13:06:45.935106,QUARTO
60,QUARTO_PLUG_01-003,dispe3d457f8ccadfa505c7579f0d2a7f630,3s2d1f0sdf1sdf18s79sddf,"{'status': [{'code': 'switch_1', 'value': 'ON'}]}",atuador,['Mayki'],Mayki,USAR_PC_MANHA,2024-10-05 13:06:50.438567,QUARTO
61,QUARTO_SENSOR_PRESENCA-002,dispcb84ddaedb893afc1d478e18a6a44419,0s9d8f9s0d8f0s9df8s0f8,"{'status': [{'code': 'presence_state', 'value': 'OFF'}, {'code': 'human_motion_state', 'value': 'NONE'}]}",sensor,['Mayki'],Mayki,IR_NA_VARANDA,2024-10-05 13:36:50.727697,QUARTO
62,QUARTO_SENSOR_PRESENCA-002,dispcb84ddaedb893afc1d478e18a6a44419,0s9d8f9s0d8f0s9df8s0f8,"{'status': [{'code': 'presence_state', 'value': 'ON'}, {'code': 'human_motion_state', 'value': 'LARGER_MOVE'}]}",sensor,['Mayki'],Mayki,USAR_PC_MANHA,2024-10-05 13:46:50.705185,QUARTO
63,QUARTO_SENSOR_PRESENCA-002,dispcb84ddaedb893afc1d478e18a6a44419,0s9d8f9s0d8f0s9df8s0f8,"{'status': [{'code': 'presence_state', 'value': 'OFF'}, {'code': 'human_motion_state', 'value': 'NONE'}]}",sensor,['Mayki'],Mayki,IR_NA_VARANDA,2024-10-05 13:46:50.678615,QUARTO
64,QUARTO_SENSOR_PRESENCA-002,dispcb84ddaedb893afc1d478e18a6a44419,0s9d8f9s0d8f0s9df8s0f8,"{'status': [{'code': 'presence_state', 'value': 'ON'}, {'code': 'human_motion_state', 'value': 'LARGER_MOVE'}]}",sensor,['Mayki'],Mayki,USAR_PC_MANHA,2024-10-05 13:56:50.111314,QUARTO
65,QUARTO_SENSOR_PRESENCA-002,dispcb84ddaedb893afc1d478e18a6a44419,0s9d8f9s0d8f0s9df8s0f8,"{'status': [{'code': 'presence_state', 'value': 'OFF'}, {'code': 'human_motion_state', 'value': 'NONE'}]}",sensor,['Mayki'],Mayki,IR_NA_VARANDA,2024-10-05 13:56:50.476431,QUARTO
66,QUARTO_SENSOR_PRESENCA-002,dispcb84ddaedb893afc1d478e18a6a44419,0s9d8f9s0d8f0s9df8s0f8,"{'status': [{'code': 'presence_state', 'value': 'ON'}, {'code': 'human_motion_state', 'value': 'LARGER_MOVE'}]}",sensor,['Mayki'],Mayki,USAR_PC_MANHA,2024-10-05 14:06:50.158837,QUARTO
67,QUARTO_PLUG_01-003,dispe3d457f8ccadfa505c7579f0d2a7f630,3s2d1f0sdf1sdf18s79sddf,"{'status': [{'code': 'switch_1', 'value': 'OFF'}]}",atuador,['Mayki'],Mayki,USAR_PC_MANHA,2024-10-05 14:08:18.218950,QUARTO
68,QUARTO_SENSOR_PRESENCA-002,dispcb84ddaedb893afc1d478e18a6a44419,0s9d8f9s0d8f0s9df8s0f8,"{'status': [{'code': 'presence_state', 'value': 'OFF'}, {'code': 'human_motion_state', 'value': 'NONE'}]}",sensor,['Mayki'],Mayki,USAR_PC_MANHA,2024-10-05 14:08:18.242653,QUARTO
69,QUARTO_SENSOR_PRESENCA-002,dispcb84ddaedb893afc1d478e18a6a44419,0s9d8f9s0d8f0s9df8s0f8,"{'status': [{'code': 'presence_state', 'value': 'ON'}, {'code': 'human_motion_state', 'value': 'LARGER_MOVE'}]}",sensor,['Mayki'],Mayki,USAR_PC_MANHA,2024-10-05 16:50:21.602037,QUARTO
70,QUARTO_PLUG_01-003,dispe3d457f8ccadfa505c7579f0d2a7f630,3s2d1f0sdf1sdf18s79sddf,"{'status': [{'code': 'switch_1', 'value': 'ON'}]}",atuador,['Mayki'],Mayki,USAR_PC_MANHA,2024-10-05 16:50:26.591105,QUARTO
71,QUARTO_SENSOR_PRESENCA-002,dispcb84ddaedb893afc1d478e18a6a44419,0s9d8f9s0d8f0s9df8s0f8,"{'status': [{'code': 'presence_state', 'value': 'OFF'}, {'code': 'human_motion_state', 'value': 'NONE'}]}",sensor,['Mayki'],Mayki,IR_NA_VARANDA,2024-10-05 17:10:26.603610,QUARTO
72,QUARTO_SENSOR_PRESENCA-002,dispcb84ddaedb893afc1d478e18a6a44419,0s9d8f9s0d8f0s9df8s0f8,"{'status': [{'code': 'presence_state', 'value': 'ON'}, {'code': 'human_motion_state', 'value': 'LARGER_MOVE'}]}",sensor,['Mayki'],Mayki,USAR_PC_MANHA,2024-10-05 17:20:26.150513,QUARTO
73,QUARTO_LAMPADA-001,dispf34127e9d687887832c76c7fed087a61,435a6fsdfsdfs879s9fs7,"{'status': [{'code': 'switch_led', 'value': 'ON'}, {'code': 'bright_value_v2', 'value': 1000}, {'code': 'temp_value_v2', 'value': 500}]}",atuador,['Mayki'],Mayki,USAR_PC_NOITE,2024-10-05 17:55:27.342741,QUARTO
74,QUARTO_LAMPADA-001,dispf34127e9d687887832c76c7fed087a61,435a6fsdfsdfs879s9fs7,"{'status': [{'code': 'switch_led', 'value': 'OFF'}, {'code': 'bright_value_v2', 'value': 1000}, {'code': 'temp_value_v2', 'value': 500}]}",atuador,['Mayki'],Mayki,IR_NA_VARANDA,2024-10-05 19:03:47.194834,QUARTO
75,QUARTO_SENSOR_PRESENCA-002,dispcb84ddaedb893afc1d478e18a6a44419,0s9d8f9s0d8f0s9df8s0f8,"{'status': [{'code': 'presence_state', 'value': 'OFF'}, {'code': 'human_motion_state', 'value': 'NONE'}]}",sensor,['Mayki'],Mayki,IR_NA_VARANDA,2024-10-05 19:03:47.298813,QUARTO
76,QUARTO_SENSOR_PRESENCA-002,dispcb84ddaedb893afc1d478e18a6a44419,0s9d8f9s0d8f0s9df8s0f8,"{'status': [{'code': 'presence_state', 'value': 'ON'}, {'code': 'human_motion_state', 'value': 'LARGER_MOVE'}]}",sensor,['Mayki'],Mayki,USAR_PC_NOITE,2024-10-05 19:13:47.207009,QUARTO
77,QUARTO_LAMPADA-001,dispf34127e9d687887832c76c7fed087a61,435a6fsdfsdfs879s9fs7,"{'status': [{'code': 'switch_led', 'value': 'ON'}, {'code': 'bright_value_v2', 'value': 1000}, {'code': 'temp_value_v2', 'value': 500}]}",atuador,['Mayki'],Mayki,USAR_PC_NOITE,2024-10-05 19:13:52.351289,QUARTO
78,QUARTO_LAMPADA-001,dispf34127e9d687887832c76c7fed087a61,435a6fsdfsdfs879s9fs7,"{'status': [{'code': 'switch_led', 'value': 'OFF'}, {'code': 'bright_value_v2', 'value': 1000}, {'code': 'temp_value_v2', 'value': 500}]}",atuador,['Mayki'],Mayki,IR_NA_VARANDA,2024-10-05 22:30:55.266577,QUARTO
79,QUARTO_SENSOR_PRESENCA-002,dispcb84ddaedb893afc1d478e18a6a44419,0s9d8f9s0d8f0s9df8s0f8,"{'status': [{'code': 'presence_state', 'value': 'OFF'}, {'code': 'human_motion_state', 'value': 'NONE'}]}",sensor,['Mayki'],Mayki,IR_NA_VARANDA,2024-10-05 22:30:55.265950,QUARTO
80,QUARTO_SENSOR_PRESENCA-002,dispcb84ddaedb893afc1d478e18a6a44419,0s9d8f9s0d8f0s9df8s0f8,"{'status': [{'code': 'presence_state', 'value': 'ON'}, {'code': 'human_motion_state', 'value': 'LARGER_MOVE'}]}",sensor,['Mayki'],Mayki,USAR_PC_NOITE,2024-10-05 22:40:55.408131,QUARTO
81,QUARTO_LAMPADA-001,dispf34127e9d687887832c76c7fed087a61,435a6fsdfsdfs879s9fs7,"{'status': [{'code': 'switch_led', 'value': 'ON'}, {'code': 'bright_value_v2', 'value': 1000}, {'code': 'temp_value_v2', 'value': 500}]}",atuador,['Mayki'],Mayki,USAR_PC_NOITE,2024-10-05 22:41:00.027546,QUARTO
82,QUARTO_LAMPADA-001,dispf34127e9d687887832c76c7fed087a61,435a6fsdfsdfs879s9fs7,"{'status': [{'code': 'switch_led', 'value': 'OFF'}, {'code': 'bright_value_v2', 'value': 1000}, {'code': 'temp_value_v2', 'value': 500}]}",atuador,['Mayki'],Mayki,USAR_BANHEIRO,2024-10-05 22:51:24.191340,QUARTO
83,QUARTO_SENSOR_PRESENCA-002,dispcb84ddaedb893afc1d478e18a6a44419,0s9d8f9s0d8f0s9df8s0f8,"{'status': [{'code': 'presence_state', 'value': 'OFF'}, {'code': 'human_motion_state', 'value': 'NONE'}]}",sensor,['Mayki'],Mayki,USAR_BANHEIRO,2024-10-05 22:51:24.740058,QUARTO
84,QUARTO_SENSOR_PRESENCA-002,dispcb84ddaedb893afc1d478e18a6a44419,0s9d8f9s0d8f0s9df8s0f8,"{'status': [{'code': 'presence_state', 'value': 'ON'}, {'code': 'human_motion_state', 'value': 'LARGER_MOVE'}]}",sensor,['Mayki'],Mayki,USAR_PC_NOITE,2024-10-05 22:56:24.222662,QUARTO
85,QUARTO_LAMPADA-001,dispf34127e9d687887832c76c7fed087a61,435a6fsdfsdfs879s9fs7,"{'status': [{'code': 'switch_led', 'value': 'ON'}, {'code': 'bright_value_v2', 'value': 1000}, {'code': 'temp_value_v2', 'value': 500}]}",atuador,['Mayki'],Mayki,USAR_PC_NOITE,2024-10-05 22:56:29.590442,QUARTO
86,QUARTO_LAMPADA-001,dispf34127e9d687887832c76c7fed087a61,435a6fsdfsdfs879s9fs7,"{'status': [{'code': 'switch_led', 'value': 'OFF'}, {'code': 'bright_value_v2', 'value': 1000}, {'code': 'temp_value_v2', 'value': 500}]}",atuador,['Mayki'],Mayki,BEBER_AGUA,2024-10-06 00:42:00.879782,QUARTO
87,QUARTO_SENSOR_PRESENCA-002,dispcb84ddaedb893afc1d478e18a6a44419,0s9d8f9s0d8f0s9df8s0f8,"{'status': [{'code': 'presence_state', 'value': 'OFF'}, {'code': 'human_motion_state', 'value': 'NONE'}]}",sensor,['Mayki'],Mayki,BEBER_AGUA,2024-10-06 00:42:00.981534,QUARTO
88,QUARTO_SENSOR_PRESENCA-002,dispcb84ddaedb893afc1d478e18a6a44419,0s9d8f9s0d8f0s9df8s0f8,"{'status': [{'code': 'presence_state', 'value': 'ON'}, {'code': 'human_motion_state', 'value': 'LARGER_MOVE'}]}",sensor,['Mayki'],Mayki,USAR_PC_MADRUGADA_INICIO_DOM,2024-10-06 00:48:00.070985,QUARTO
89,QUARTO_LAMPADA-001,dispf34127e9d687887832c76c7fed087a61,435a6fsdfsdfs879s9fs7,"{'status': [{'code': 'switch_led', 'value': 'ON'}, {'code': 'bright_value_v2', 'value': 1000}, {'code': 'temp_value_v2', 'value': 500}]}",atuador,['Mayki'],Mayki,USAR_PC_MADRUGADA_INICIO_DOM,2024-10-06 00:48:05.249361,QUARTO
90,QUARTO_LAMPADA-001,dispf34127e9d687887832c76c7fed087a61,435a6fsdfsdfs879s9fs7,"{'status': [{'code': 'switch_led', 'value': 'OFF'}, {'code': 'bright_value_v2', 'value': 1000}, {'code': 'temp_value_v2', 'value': 500}]}",atuador,['Mayki'],Mayki,IR_NA_VARANDA,2024-10-06 01:28:50.732505,QUARTO
91,QUARTO_SENSOR_PRESENCA-002,dispcb84ddaedb893afc1d478e18a6a44419,0s9d8f9s0d8f0s9df8s0f8,"{'status': [{'code': 'presence_state', 'value': 'OFF'}, {'code': 'human_motion_state', 'value': 'NONE'}]}",sensor,['Mayki'],Mayki,IR_NA_VARANDA,2024-10-06 01:28:50.098992,QUARTO
92,QUARTO_SENSOR_PRESENCA-002,dispcb84ddaedb893afc1d478e18a6a44419,0s9d8f9s0d8f0s9df8s0f8,"{'status': [{'code': 'presence_state', 'value': 'ON'}, {'code': 'human_motion_state', 'value': 'LARGER_MOVE'}]}",sensor,['Mayki'],Mayki,USAR_PC_MADRUGADA_INICIO_DOM,2024-10-06 01:38:50.382991,QUARTO
93,QUARTO_LAMPADA-001,dispf34127e9d687887832c76c7fed087a61,435a6fsdfsdfs879s9fs7,"{'status': [{'code': 'switch_led', 'value': 'ON'}, {'code': 'bright_value_v2', 'value': 1000}, {'code': 'temp_value_v2', 'value': 500}]}",atuador,['Mayki'],Mayki,USAR_PC_MADRUGADA_INICIO_DOM,2024-10-06 01:38:55.637131,QUARTO
94,QUARTO_LAMPADA-001,dispf34127e9d687887832c76c7fed087a61,435a6fsdfsdfs879s9fs7,"{'status': [{'code': 'switch_led', 'value': 'OFF'}, {'code': 'bright_value_v2', 'value': 1000}, {'code': 'temp_value_v2', 'value': 500}]}",atuador,['Mayki'],Mayki,USAR_PC_MADRUGADA_INICIO_DOM,2024-10-06 01:46:01.092966,QUARTO
95,QUARTO_PLUG_01-003,dispe3d457f8ccadfa505c7579f0d2a7f630,3s2d1f0sdf1sdf18s79sddf,"{'status': [{'code': 'switch_1', 'value': 'OFF'}]}",atuador,['Mayki'],Mayki,USAR_PC_MADRUGADA_INICIO_DOM,2024-10-06 01:46:22.890255,QUARTO
96,QUARTO_PLUG_02-004,disp4af167c9d4df8acd2894e2f77c7aec28,3s2d1f0sdf1sdf18s79sddf,"{'status': [{'code': 'switch_1', 'value': 'ON'}]}",atuador,['Mayki'],Mayki,DORMIR_FIM_SEM,2024-10-06 01:46:27.531465,QUARTO
97,QUARTO_PLUG_02-004,disp4af167c9d4df8acd2894e2f77c7aec28,3s2d1f0sdf1sdf18s79sddf,"{'status': [{'code': 'switch_1', 'value': 'OFF'}]}",atuador,['Mayki'],Mayki,DORMIR_FIM_SEM,2024-10-06 10:38:47.442421,QUARTO
98,QUARTO_SENSOR_PRESENCA-002,dispcb84ddaedb893afc1d478e18a6a44419,0s9d8f9s0d8f0s9df8s0f8,"{'status': [{'code': 'presence_state', 'value': 'OFF'}, {'code': 'human_motion_state', 'value': 'NONE'}]}",sensor,['Mayki'],Mayki,DORMIR_FIM_SEM,2024-10-06 10:38:47.096962,QUARTO
99,QUARTO_SENSOR_PRESENCA-002,dispcb84ddaedb893afc1d478e18a6a44419,0s9d8f9s0d8f0s9df8s0f8,"{'status': [{'code': 'presence_state', 'value': 'ON'}, {'code': 'human_motion_state', 'value': 'LARGER_MOVE'}]}",sensor,['Mayki'],Mayki,USAR_PC_MANHA_FIM_SEM,2024-10-06 10:46:47.176385,QUARTO
100,QUARTO_PLUG_01-003,dispe3d457f8ccadfa505c7579f0d2a7f630,3s2d1f0sdf1sdf18s79sddf,"{'status': [{'code': 'switch_1', 'value': 'ON'}]}",atuador,['Mayki'],Mayki,USAR_PC_MANHA_FIM_SEM,2024-10-06 10:46:52.324784,QUARTO
101,QUARTO_PLUG_01-003,dispe3d457f8ccadfa505c7579f0d2a7f630,3s2d1f0sdf1sdf18s79sddf,"{'status': [{'code': 'switch_1', 'value': 'OFF'}]}",atuador,['Mayki'],Mayki,USAR_PC_MANHA_FIM_SEM,2024-10-06 12:16:59.200854,QUARTO
102,QUARTO_SENSOR_PRESENCA-002,dispcb84ddaedb893afc1d478e18a6a44419,0s9d8f9s0d8f0s9df8s0f8,"{'status': [{'code': 'presence_state', 'value': 'OFF'}, {'code': 'human_motion_state', 'value': 'NONE'}]}",sensor,['Mayki'],Mayki,USAR_PC_MANHA_FIM_SEM,2024-10-06 12:16:59.111648,QUARTO
103,QUARTO_SENSOR_PRESENCA-002,dispcb84ddaedb893afc1d478e18a6a44419,0s9d8f9s0d8f0s9df8s0f8,"{'status': [{'code': 'presence_state', 'value': 'ON'}, {'code': 'human_motion_state', 'value': 'LARGER_MOVE'}]}",sensor,['Mayki'],Mayki,USAR_PC_NOITE_FIM_SEM,2024-10-06 18:55:20.147153,QUARTO
104,QUARTO_LAMPADA-001,dispf34127e9d687887832c76c7fed087a61,435a6fsdfsdfs879s9fs7,"{'status': [{'code': 'switch_led', 'value': 'ON'}, {'code': 'bright_value_v2', 'value': 1000}, {'code': 'temp_value_v2', 'value': 500}]}",atuador,['Mayki'],Mayki,USAR_PC_NOITE_FIM_SEM,2024-10-06 18:55:25.040445,QUARTO
105,QUARTO_PLUG_01-003,dispe3d457f8ccadfa505c7579f0d2a7f630,3s2d1f0sdf1sdf18s79sddf,"{'status': [{'code': 'switch_1', 'value': 'ON'}]}",atuador,['Mayki'],Mayki,USAR_PC_NOITE_FIM_SEM,2024-10-06 18:55:30.391003,QUARTO
106,QUARTO_LAMPADA-001,dispf34127e9d687887832c76c7fed087a61,435a6fsdfsdfs879s9fs7,"{'status': [{'code': 'switch_led', 'value': 'OFF'}, {'code': 'bright_value_v2', 'value': 1000}, {'code': 'temp_value_v2', 'value': 500}]}",atuador,['Mayki'],Mayki,BEBER_AGUA,2024-10-06 20:21:28.546615,QUARTO
107,QUARTO_SENSOR_PRESENCA-002,dispcb84ddaedb893afc1d478e18a6a44419,0s9d8f9s0d8f0s9df8s0f8,"{'status': [{'code': 'presence_state', 'value': 'OFF'}, {'code': 'human_motion_state', 'value': 'NONE'}]}",sensor,['Mayki'],Mayki,BEBER_AGUA,2024-10-06 20:21:28.252114,QUARTO
108,QUARTO_SENSOR_PRESENCA-002,dispcb84ddaedb893afc1d478e18a6a44419,0s9d8f9s0d8f0s9df8s0f8,"{'status': [{'code': 'presence_state', 'value': 'ON'}, {'code': 'human_motion_state', 'value': 'LARGER_MOVE'}]}",sensor,['Mayki'],Mayki,USAR_PC_NOITE_FIM_SEM,2024-10-06 20:27:28.357556,QUARTO
109,QUARTO_LAMPADA-001,dispf34127e9d687887832c76c7fed087a61,435a6fsdfsdfs879s9fs7,"{'status': [{'code': 'switch_led', 'value': 'ON'}, {'code': 'bright_value_v2', 'value': 1000}, {'code': 'temp_value_v2', 'value': 500}]}",atuador,['Mayki'],Mayki,USAR_PC_NOITE_FIM_SEM,2024-10-06 20:27:33.281580,QUARTO
110,QUARTO_LAMPADA-001,dispf34127e9d687887832c76c7fed087a61,435a6fsdfsdfs879s9fs7,"{'status': [{'code': 'switch_led', 'value': 'OFF'}, {'code': 'bright_value_v2', 'value': 1000}, {'code': 'temp_value_v2', 'value': 500}]}",atuador,['Mayki'],Mayki,USAR_BANHEIRO,2024-10-06 21:45:46.425094,QUARTO
111,QUARTO_SENSOR_PRESENCA-002,dispcb84ddaedb893afc1d478e18a6a44419,0s9d8f9s0d8f0s9df8s0f8,"{'status': [{'code': 'presence_state', 'value': 'OFF'}, {'code': 'human_motion_state', 'value': 'NONE'}]}",sensor,['Mayki'],Mayki,USAR_BANHEIRO,2024-10-06 21:45:46.683672,QUARTO
112,QUARTO_SENSOR_PRESENCA-002,dispcb84ddaedb893afc1d478e18a6a44419,0s9d8f9s0d8f0s9df8s0f8,"{'status': [{'code': 'presence_state', 'value': 'ON'}, {'code': 'human_motion_state', 'value': 'LARGER_MOVE'}]}",sensor,['Mayki'],Mayki,USAR_PC_NOITE_FIM_SEM,2024-10-06 21:50:46.065920,QUARTO
113,QUARTO_LAMPADA-001,dispf34127e9d687887832c76c7fed087a61,435a6fsdfsdfs879s9fs7,"{'status': [{'code': 'switch_led', 'value': 'ON'}, {'code': 'bright_value_v2', 'value': 1000}, {'code': 'temp_value_v2', 'value': 500}]}",atuador,['Mayki'],Mayki,USAR_PC_NOITE_FIM_SEM,2024-10-06 21:50:51.487688,QUARTO
114,QUARTO_LAMPADA-001,dispf34127e9d687887832c76c7fed087a61,435a6fsdfsdfs879s9fs7,"{'status': [{'code': 'switch_led', 'value': 'OFF'}, {'code': 'bright_value_v2', 'value': 1000}, {'code': 'temp_value_v2', 'value': 500}]}",atuador,['Mayki'],Mayki,USAR_BANHEIRO,2024-10-06 23:39:05.302415,QUARTO
115,QUARTO_SENSOR_PRESENCA-002,dispcb84ddaedb893afc1d478e18a6a44419,0s9d8f9s0d8f0s9df8s0f8,"{'status': [{'code': 'presence_state', 'value': 'OFF'}, {'code': 'human_motion_state', 'value': 'NONE'}]}",sensor,['Mayki'],Mayki,USAR_BANHEIRO,2024-10-06 23:39:05.706477,QUARTO
116,QUARTO_SENSOR_PRESENCA-002,dispcb84ddaedb893afc1d478e18a6a44419,0s9d8f9s0d8f0s9df8s0f8,"{'status': [{'code': 'presence_state', 'value': 'ON'}, {'code': 'human_motion_state', 'value': 'LARGER_MOVE'}]}",sensor,['Mayki'],Mayki,USAR_PC_NOITE_FIM_DOM,2024-10-06 23:44:05.602873,QUARTO
117,QUARTO_LAMPADA-001,dispf34127e9d687887832c76c7fed087a61,435a6fsdfsdfs879s9fs7,"{'status': [{'code': 'switch_led', 'value': 'ON'}, {'code': 'bright_value_v2', 'value': 1000}, {'code': 'temp_value_v2', 'value': 500}]}",atuador,['Mayki'],Mayki,USAR_PC_NOITE_FIM_DOM,2024-10-06 23:44:10.966005,QUARTO
118,QUARTO_LAMPADA-001,dispf34127e9d687887832c76c7fed087a61,435a6fsdfsdfs879s9fs7,"{'status': [{'code': 'switch_led', 'value': 'OFF'}, {'code': 'bright_value_v2', 'value': 1000}, {'code': 'temp_value_v2', 'value': 500}]}",atuador,['Mayki'],Mayki,USAR_PC_MADRUGADA_INICIO_SEG_20M2,2024-10-07 00:52:22.110293,QUARTO
119,QUARTO_PLUG_01-003,dispe3d457f8ccadfa505c7579f0d2a7f630,3s2d1f0sdf1sdf18s79sddf,"{'status': [{'code': 'switch_1', 'value': 'OFF'}]}",atuador,['Mayki'],Mayki,USAR_PC_MADRUGADA_INICIO_SEG_20M2,2024-10-07 00:52:51.092405,QUARTO
120,QUARTO_PLUG_02-004,disp4af167c9d4df8acd2894e2f77c7aec28,3s2d1f0sdf1sdf18s79sddf,"{'status': [{'code': 'switch_1', 'value': 'ON'}]}",atuador,['Mayki'],Mayki,DORMIR,2024-10-07 00:52:56.909795,QUARTO
121,QUARTO_PLUG_02-004,disp4af167c9d4df8acd2894e2f77c7aec28,3s2d1f0sdf1sdf18s79sddf,"{'status': [{'code': 'switch_1', 'value': 'OFF'}]}",atuador,['Mayki'],Mayki,DORMIR_30M,2024-10-07 08:01:35.291269,QUARTO
122,QUARTO_SENSOR_PRESENCA-002,dispcb84ddaedb893afc1d478e18a6a44419,0s9d8f9s0d8f0s9df8s0f8,"{'status': [{'code': 'presence_state', 'value': 'OFF'}, {'code': 'human_motion_state', 'value': 'NONE'}]}",sensor,['Mayki'],Mayki,DORMIR_30M,2024-10-07 08:01:35.637543,QUARTO
123,QUARTO_SENSOR_PRESENCA-002,dispcb84ddaedb893afc1d478e18a6a44419,0s9d8f9s0d8f0s9df8s0f8,"{'status': [{'code': 'presence_state', 'value': 'ON'}, {'code': 'human_motion_state', 'value': 'LARGER_MOVE'}]}",sensor,['Mayki'],Mayki,FAZER_NADA_DIA,2024-10-07 08:29:35.210884,QUARTO
124,QUARTO_PLUG_01-003,dispe3d457f8ccadfa505c7579f0d2a7f630,3s2d1f0sdf1sdf18s79sddf,"{'status': [{'code': 'switch_1', 'value': 'ON'}]}",atuador,['Mayki'],Mayki,USAR_PC_MANHA,2024-10-07 08:40:37.769969,QUARTO
125,QUARTO_SENSOR_PRESENCA-002,dispcb84ddaedb893afc1d478e18a6a44419,0s9d8f9s0d8f0s9df8s0f8,"{'status': [{'code': 'presence_state', 'value': 'OFF'}, {'code': 'human_motion_state', 'value': 'NONE'}]}",sensor,['Mayki'],Mayki,IR_NA_VARANDA,2024-10-07 09:00:37.842285,QUARTO
126,QUARTO_SENSOR_PRESENCA-002,dispcb84ddaedb893afc1d478e18a6a44419,0s9d8f9s0d8f0s9df8s0f8,"{'status': [{'code': 'presence_state', 'value': 'ON'}, {'code': 'human_motion_state', 'value': 'LARGER_MOVE'}]}",sensor,['Mayki'],Mayki,USAR_PC_MANHA,2024-10-07 09:10:37.483204,QUARTO
127,QUARTO_SENSOR_PRESENCA-002,dispcb84ddaedb893afc1d478e18a6a44419,0s9d8f9s0d8f0s9df8s0f8,"{'status': [{'code': 'presence_state', 'value': 'OFF'}, {'code': 'human_motion_state', 'value': 'NONE'}]}",sensor,['Mayki'],Mayki,USAR_BANHEIRO,2024-10-07 09:10:37.051371,QUARTO
128,QUARTO_SENSOR_PRESENCA-002,dispcb84ddaedb893afc1d478e18a6a44419,0s9d8f9s0d8f0s9df8s0f8,"{'status': [{'code': 'presence_state', 'value': 'ON'}, {'code': 'human_motion_state', 'value': 'LARGER_MOVE'}]}",sensor,['Mayki'],Mayki,USAR_PC_MANHA,2024-10-07 09:15:37.798575,QUARTO
129,QUARTO_SENSOR_PRESENCA-002,dispcb84ddaedb893afc1d478e18a6a44419,0s9d8f9s0d8f0s9df8s0f8,"{'status': [{'code': 'presence_state', 'value': 'OFF'}, {'code': 'human_motion_state', 'value': 'NONE'}]}",sensor,['Mayki'],Mayki,USAR_BANHEIRO,2024-10-07 09:25:37.672860,QUARTO
130,QUARTO_SENSOR_PRESENCA-002,dispcb84ddaedb893afc1d478e18a6a44419,0s9d8f9s0d8f0s9df8s0f8,"{'status': [{'code': 'presence_state', 'value': 'ON'}, {'code': 'human_motion_state', 'value': 'LARGER_MOVE'}]}",sensor,['Mayki'],Mayki,USAR_PC_MANHA,2024-10-07 09:30:37.516338,QUARTO
131,QUARTO_PLUG_01-003,dispe3d457f8ccadfa505c7579f0d2a7f630,3s2d1f0sdf1sdf18s79sddf,"{'status': [{'code': 'switch_1', 'value': 'OFF'}]}",atuador,['Mayki'],Mayki,USAR_PC_MANHA,2024-10-07 09:45:08.397942,QUARTO
132,QUARTO_SENSOR_PRESENCA-002,dispcb84ddaedb893afc1d478e18a6a44419,0s9d8f9s0d8f0s9df8s0f8,"{'status': [{'code': 'presence_state', 'value': 'OFF'}, {'code': 'human_motion_state', 'value': 'NONE'}]}",sensor,['Mayki'],Mayki,FAZER_NADA_DIA,2024-10-07 09:56:41.481660,QUARTO
133,QUARTO_SENSOR_PRESENCA-002,dispcb84ddaedb893afc1d478e18a6a44419,0s9d8f9s0d8f0s9df8s0f8,"{'status': [{'code': 'presence_state', 'value': 'ON'}, {'code': 'human_motion_state', 'value': 'LARGER_MOVE'}]}",sensor,['Mayki'],Mayki,USAR_PC_NOITE,2024-10-07 18:30:13.360225,QUARTO
134,QUARTO_LAMPADA-001,dispf34127e9d687887832c76c7fed087a61,435a6fsdfsdfs879s9fs7,"{'status': [{'code': 'switch_led', 'value': 'ON'}, {'code': 'bright_value_v2', 'value': 1000}, {'code': 'temp_value_v2', 'value': 500}]}",atuador,['Mayki'],Mayki,USAR_PC_NOITE,2024-10-07 18:30:18.317436,QUARTO
135,QUARTO_PLUG_01-003,dispe3d457f8ccadfa505c7579f0d2a7f630,3s2d1f0sdf1sdf18s79sddf,"{'status': [{'code': 'switch_1', 'value': 'ON'}]}",atuador,['Mayki'],Mayki,USAR_PC_NOITE,2024-10-07 18:30:23.246477,QUARTO
136,QUARTO_LAMPADA-001,dispf34127e9d687887832c76c7fed087a61,435a6fsdfsdfs879s9fs7,"{'status': [{'code': 'switch_led', 'value': 'OFF'}, {'code': 'bright_value_v2', 'value': 1000}, {'code': 'temp_value_v2', 'value': 500}]}",atuador,['Mayki'],Mayki,IR_NA_VARANDA,2024-10-07 18:40:52.353618,QUARTO
137,QUARTO_SENSOR_PRESENCA-002,dispcb84ddaedb893afc1d478e18a6a44419,0s9d8f9s0d8f0s9df8s0f8,"{'status': [{'code': 'presence_state', 'value': 'OFF'}, {'code': 'human_motion_state', 'value': 'NONE'}]}",sensor,['Mayki'],Mayki,IR_NA_VARANDA,2024-10-07 18:40:52.448246,QUARTO
138,QUARTO_SENSOR_PRESENCA-002,dispcb84ddaedb893afc1d478e18a6a44419,0s9d8f9s0d8f0s9df8s0f8,"{'status': [{'code': 'presence_state', 'value': 'ON'}, {'code': 'human_motion_state', 'value': 'LARGER_MOVE'}]}",sensor,['Mayki'],Mayki,USAR_PC_NOITE,2024-10-07 18:50:52.911881,QUARTO
139,QUARTO_LAMPADA-001,dispf34127e9d687887832c76c7fed087a61,435a6fsdfsdfs879s9fs7,"{'status': [{'code': 'switch_led', 'value': 'ON'}, {'code': 'bright_value_v2', 'value': 1000}, {'code': 'temp_value_v2', 'value': 500}]}",atuador,['Mayki'],Mayki,USAR_PC_NOITE,2024-10-07 18:50:57.173523,QUARTO
140,QUARTO_LAMPADA-001,dispf34127e9d687887832c76c7fed087a61,435a6fsdfsdfs879s9fs7,"{'status': [{'code': 'switch_led', 'value': 'OFF'}, {'code': 'bright_value_v2', 'value': 1000}, {'code': 'temp_value_v2', 'value': 500}]}",atuador,['Mayki'],Mayki,BEBER_AGUA,2024-10-07 19:01:15.823704,QUARTO
141,QUARTO_SENSOR_PRESENCA-002,dispcb84ddaedb893afc1d478e18a6a44419,0s9d8f9s0d8f0s9df8s0f8,"{'status': [{'code': 'presence_state', 'value': 'OFF'}, {'code': 'human_motion_state', 'value': 'NONE'}]}",sensor,['Mayki'],Mayki,BEBER_AGUA,2024-10-07 19:01:15.758869,QUARTO
142,QUARTO_SENSOR_PRESENCA-002,dispcb84ddaedb893afc1d478e18a6a44419,0s9d8f9s0d8f0s9df8s0f8,"{'status': [{'code': 'presence_state', 'value': 'ON'}, {'code': 'human_motion_state', 'value': 'LARGER_MOVE'}]}",sensor,['Mayki'],Mayki,USAR_PC_NOITE,2024-10-07 19:07:15.279564,QUARTO
143,QUARTO_LAMPADA-001,dispf34127e9d687887832c76c7fed087a61,435a6fsdfsdfs879s9fs7,"{'status': [{'code': 'switch_led', 'value': 'ON'}, {'code': 'bright_value_v2', 'value': 1000}, {'code': 'temp_value_v2', 'value': 500}]}",atuador,['Mayki'],Mayki,USAR_PC_NOITE,2024-10-07 19:07:20.193161,QUARTO
144,QUARTO_LAMPADA-001,dispf34127e9d687887832c76c7fed087a61,435a6fsdfsdfs879s9fs7,"{'status': [{'code': 'switch_led', 'value': 'OFF'}, {'code': 'bright_value_v2', 'value': 1000}, {'code': 'temp_value_v2', 'value': 500}]}",atuador,['Mayki'],Mayki,USAR_BANHEIRO,2024-10-07 22:58:01.456915,QUARTO
145,QUARTO_SENSOR_PRESENCA-002,dispcb84ddaedb893afc1d478e18a6a44419,0s9d8f9s0d8f0s9df8s0f8,"{'status': [{'code': 'presence_state', 'value': 'OFF'}, {'code': 'human_motion_state', 'value': 'NONE'}]}",sensor,['Mayki'],Mayki,USAR_BANHEIRO,2024-10-07 22:58:01.481107,QUARTO
146,QUARTO_SENSOR_PRESENCA-002,dispcb84ddaedb893afc1d478e18a6a44419,0s9d8f9s0d8f0s9df8s0f8,"{'status': [{'code': 'presence_state', 'value': 'ON'}, {'code': 'human_motion_state', 'value': 'LARGER_MOVE'}]}",sensor,['Mayki'],Mayki,USAR_PC_NOITE_FIM_SEG,2024-10-07 23:03:01.841051,QUARTO
147,QUARTO_LAMPADA-001,dispf34127e9d687887832c76c7fed087a61,435a6fsdfsdfs879s9fs7,"{'status': [{'code': 'switch_led', 'value': 'ON'}, {'code': 'bright_value_v2', 'value': 1000}, {'code': 'temp_value_v2', 'value': 500}]}",atuador,['Mayki'],Mayki,USAR_PC_NOITE_FIM_SEG,2024-10-07 23:03:06.113733,QUARTO
148,QUARTO_LAMPADA-001,dispf34127e9d687887832c76c7fed087a61,435a6fsdfsdfs879s9fs7,"{'status': [{'code': 'switch_led', 'value': 'OFF'}, {'code': 'bright_value_v2', 'value': 1000}, {'code': 'temp_value_v2', 'value': 500}]}",atuador,['Mayki'],Mayki,PREPARAR_LANCHE,2024-10-07 23:04:02.031719,QUARTO
149,QUARTO_SENSOR_PRESENCA-002,dispcb84ddaedb893afc1d478e18a6a44419,0s9d8f9s0d8f0s9df8s0f8,"{'status': [{'code': 'presence_state', 'value': 'OFF'}, {'code': 'human_motion_state', 'value': 'NONE'}]}",sensor,['Mayki'],Mayki,PREPARAR_LANCHE,2024-10-07 23:04:02.373889,QUARTO
150,QUARTO_SENSOR_PRESENCA-002,dispcb84ddaedb893afc1d478e18a6a44419,0s9d8f9s0d8f0s9df8s0f8,"{'status': [{'code': 'presence_state', 'value': 'ON'}, {'code': 'human_motion_state', 'value': 'LARGER_MOVE'}]}",sensor,['Mayki'],Mayki,USAR_PC_NOITE_FIM_SEG,2024-10-07 23:17:02.348513,QUARTO
151,QUARTO_LAMPADA-001,dispf34127e9d687887832c76c7fed087a61,435a6fsdfsdfs879s9fs7,"{'status': [{'code': 'switch_led', 'value': 'ON'}, {'code': 'bright_value_v2', 'value': 1000}, {'code': 'temp_value_v2', 'value': 500}]}",atuador,['Mayki'],Mayki,USAR_PC_NOITE_FIM_SEG,2024-10-07 23:17:07.940485,QUARTO
152,QUARTO_LAMPADA-001,dispf34127e9d687887832c76c7fed087a61,435a6fsdfsdfs879s9fs7,"{'status': [{'code': 'switch_led', 'value': 'OFF'}, {'code': 'bright_value_v2', 'value': 1000}, {'code': 'temp_value_v2', 'value': 500}]}",atuador,['Mayki'],Mayki,USAR_PC_NOITE_FIM_SEG,2024-10-08 00:02:51.930911,QUARTO
153,QUARTO_PLUG_01-003,dispe3d457f8ccadfa505c7579f0d2a7f630,3s2d1f0sdf1sdf18s79sddf,"{'status': [{'code': 'switch_1', 'value': 'OFF'}]}",atuador,['Mayki'],Mayki,USAR_PC_NOITE_FIM_SEG,2024-10-08 00:03:31.800205,QUARTO
154,QUARTO_PLUG_02-004,disp4af167c9d4df8acd2894e2f77c7aec28,3s2d1f0sdf1sdf18s79sddf,"{'status': [{'code': 'switch_1', 'value': 'ON'}]}",atuador,['Mayki'],Mayki,DORMIR,2024-10-08 00:03:36.733192,QUARTO
155,QUARTO_SENSOR_PRESENCA-002,dispcb84ddaedb893afc1d478e18a6a44419,0s9d8f9s0d8f0s9df8s0f8,"{'status': [{'code': 'presence_state', 'value': 'OFF'}, {'code': 'human_motion_state', 'value': 'NONE'}]}",sensor,['Mayki'],Mayki,USAR_BANHEIRO,2024-10-08 01:43:47.828966,QUARTO
156,QUARTO_SENSOR_PRESENCA-002,dispcb84ddaedb893afc1d478e18a6a44419,0s9d8f9s0d8f0s9df8s0f8,"{'status': [{'code': 'presence_state', 'value': 'ON'}, {'code': 'human_motion_state', 'value': 'LARGER_MOVE'}]}",sensor,['Mayki'],Mayki,DORMIR,2024-10-08 01:48:47.313720,QUARTO
157,QUARTO_PLUG_02-004,disp4af167c9d4df8acd2894e2f77c7aec28,3s2d1f0sdf1sdf18s79sddf,"{'status': [{'code': 'switch_1', 'value': 'OFF'}]}",atuador,['Mayki'],Mayki,DORMIR_30M,2024-10-08 08:17:28.994034,QUARTO
158,QUARTO_SENSOR_PRESENCA-002,dispcb84ddaedb893afc1d478e18a6a44419,0s9d8f9s0d8f0s9df8s0f8,"{'status': [{'code': 'presence_state', 'value': 'OFF'}, {'code': 'human_motion_state', 'value': 'NONE'}]}",sensor,['Mayki'],Mayki,DORMIR_30M,2024-10-08 08:17:28.689083,QUARTO
159,QUARTO_SENSOR_PRESENCA-002,dispcb84ddaedb893afc1d478e18a6a44419,0s9d8f9s0d8f0s9df8s0f8,"{'status': [{'code': 'presence_state', 'value': 'ON'}, {'code': 'human_motion_state', 'value': 'LARGER_MOVE'}]}",sensor,['Mayki'],Mayki,FAZER_NADA_DIA,2024-10-08 08:50:28.116783,QUARTO
160,QUARTO_PLUG_01-003,dispe3d457f8ccadfa505c7579f0d2a7f630,3s2d1f0sdf1sdf18s79sddf,"{'status': [{'code': 'switch_1', 'value': 'ON'}]}",atuador,['Mayki'],Mayki,USAR_PC_MANHA_30M,2024-10-08 09:01:58.910060,QUARTO
161,QUARTO_SENSOR_PRESENCA-002,dispcb84ddaedb893afc1d478e18a6a44419,0s9d8f9s0d8f0s9df8s0f8,"{'status': [{'code': 'presence_state', 'value': 'OFF'}, {'code': 'human_motion_state', 'value': 'NONE'}]}",sensor,['Mayki'],Mayki,IR_NA_VARANDA,2024-10-08 09:11:58.530429,QUARTO
162,QUARTO_SENSOR_PRESENCA-002,dispcb84ddaedb893afc1d478e18a6a44419,0s9d8f9s0d8f0s9df8s0f8,"{'status': [{'code': 'presence_state', 'value': 'ON'}, {'code': 'human_motion_state', 'value': 'LARGER_MOVE'}]}",sensor,['Mayki'],Mayki,USAR_PC_MANHA_30M,2024-10-08 09:21:58.428442,QUARTO
163,QUARTO_PLUG_01-003,dispe3d457f8ccadfa505c7579f0d2a7f630,3s2d1f0sdf1sdf18s79sddf,"{'status': [{'code': 'switch_1', 'value': 'OFF'}]}",atuador,['Mayki'],Mayki,USAR_PC_MANHA_30M,2024-10-08 09:34:33.003795,QUARTO
164,QUARTO_SENSOR_PRESENCA-002,dispcb84ddaedb893afc1d478e18a6a44419,0s9d8f9s0d8f0s9df8s0f8,"{'status': [{'code': 'presence_state', 'value': 'OFF'}, {'code': 'human_motion_state', 'value': 'NONE'}]}",sensor,['Mayki'],Mayki,USAR_PC_MANHA_30M,2024-10-08 09:34:33.741901,QUARTO
165,QUARTO_SENSOR_PRESENCA-002,dispcb84ddaedb893afc1d478e18a6a44419,0s9d8f9s0d8f0s9df8s0f8,"{'status': [{'code': 'presence_state', 'value': 'ON'}, {'code': 'human_motion_state', 'value': 'LARGER_MOVE'}]}",sensor,['Mayki'],Mayki,FAZER_NADA_NOITE,2024-10-08 18:56:15.640186,QUARTO
166,QUARTO_LAMPADA-001,dispf34127e9d687887832c76c7fed087a61,435a6fsdfsdfs879s9fs7,"{'status': [{'code': 'switch_led', 'value': 'ON'}, {'code': 'bright_value_v2', 'value': 1000}, {'code': 'temp_value_v2', 'value': 500}]}",atuador,['Mayki'],Mayki,FAZER_NADA_NOITE,2024-10-08 18:56:20.161822,QUARTO
167,QUARTO_PLUG_01-003,dispe3d457f8ccadfa505c7579f0d2a7f630,3s2d1f0sdf1sdf18s79sddf,"{'status': [{'code': 'switch_1', 'value': 'ON'}]}",atuador,['Mayki'],Mayki,USAR_PC_NOITE_TERCA,2024-10-08 19:29:55.554543,QUARTO
168,QUARTO_LAMPADA-001,dispf34127e9d687887832c76c7fed087a61,435a6fsdfsdfs879s9fs7,"{'status': [{'code': 'switch_led', 'value': 'OFF'}, {'code': 'bright_value_v2', 'value': 1000}, {'code': 'temp_value_v2', 'value': 500}]}",atuador,['Mayki'],Mayki,BEBER_AGUA,2024-10-08 22:06:18.239901,QUARTO
169,QUARTO_SENSOR_PRESENCA-002,dispcb84ddaedb893afc1d478e18a6a44419,0s9d8f9s0d8f0s9df8s0f8,"{'status': [{'code': 'presence_state', 'value': 'OFF'}, {'code': 'human_motion_state', 'value': 'NONE'}]}",sensor,['Mayki'],Mayki,BEBER_AGUA,2024-10-08 22:06:18.075789,QUARTO
170,QUARTO_SENSOR_PRESENCA-002,dispcb84ddaedb893afc1d478e18a6a44419,0s9d8f9s0d8f0s9df8s0f8,"{'status': [{'code': 'presence_state', 'value': 'ON'}, {'code': 'human_motion_state', 'value': 'LARGER_MOVE'}]}",sensor,['Mayki'],Mayki,USAR_PC_NOITE_FIM,2024-10-08 22:12:18.821259,QUARTO
171,QUARTO_LAMPADA-001,dispf34127e9d687887832c76c7fed087a61,435a6fsdfsdfs879s9fs7,"{'status': [{'code': 'switch_led', 'value': 'ON'}, {'code': 'bright_value_v2', 'value': 1000}, {'code': 'temp_value_v2', 'value': 500}]}",atuador,['Mayki'],Mayki,USAR_PC_NOITE_FIM,2024-10-08 22:12:23.465370,QUARTO
172,QUARTO_PLUG_01-003,dispe3d457f8ccadfa505c7579f0d2a7f630,3s2d1f0sdf1sdf18s79sddf,"{'status': [{'code': 'switch_1', 'value': 'OFF'}]}",atuador,['Mayki'],Mayki,USAR_PC_NOITE_FIM,2024-10-09 00:01:23.971417,QUARTO
173,QUARTO_LAMPADA-001,dispf34127e9d687887832c76c7fed087a61,435a6fsdfsdfs879s9fs7,"{'status': [{'code': 'switch_led', 'value': 'OFF'}, {'code': 'bright_value_v2', 'value': 1000}, {'code': 'temp_value_v2', 'value': 500}]}",atuador,['Mayki'],Mayki,FAZER_NADA_NOITE,2024-10-09 00:13:09.063822,QUARTO
174,QUARTO_PLUG_02-004,disp4af167c9d4df8acd2894e2f77c7aec28,3s2d1f0sdf1sdf18s79sddf,"{'status': [{'code': 'switch_1', 'value': 'ON'}]}",atuador,['Mayki'],Mayki,DORMIR_QUA,2024-10-09 00:13:14.793966,QUARTO
175,QUARTO_SENSOR_PRESENCA-002,dispcb84ddaedb893afc1d478e18a6a44419,0s9d8f9s0d8f0s9df8s0f8,"{'status': [{'code': 'presence_state', 'value': 'OFF'}, {'code': 'human_motion_state', 'value': 'NONE'}]}",sensor,['Mayki'],Mayki,USAR_BANHEIRO,2024-10-09 02:13:26.386592,QUARTO
176,QUARTO_SENSOR_PRESENCA-002,dispcb84ddaedb893afc1d478e18a6a44419,0s9d8f9s0d8f0s9df8s0f8,"{'status': [{'code': 'presence_state', 'value': 'ON'}, {'code': 'human_motion_state', 'value': 'LARGER_MOVE'}]}",sensor,['Mayki'],Mayki,DORMIR_QUA,2024-10-09 02:18:26.630251,QUARTO
177,QUARTO_PLUG_02-004,disp4af167c9d4df8acd2894e2f77c7aec28,3s2d1f0sdf1sdf18s79sddf,"{'status': [{'code': 'switch_1', 'value': 'OFF'}]}",atuador,['Mayki'],Mayki,DORMIR_30M_QUA,2024-10-09 09:18:20.212098,QUARTO
178,QUARTO_SENSOR_PRESENCA-002,dispcb84ddaedb893afc1d478e18a6a44419,0s9d8f9s0d8f0s9df8s0f8,"{'status': [{'code': 'presence_state', 'value': 'OFF'}, {'code': 'human_motion_state', 'value': 'NONE'}]}",sensor,['Mayki'],Mayki,DORMIR_30M_QUA,2024-10-09 09:18:20.346557,QUARTO
179,QUARTO_SENSOR_PRESENCA-002,dispcb84ddaedb893afc1d478e18a6a44419,0s9d8f9s0d8f0s9df8s0f8,"{'status': [{'code': 'presence_state', 'value': 'ON'}, {'code': 'human_motion_state', 'value': 'LARGER_MOVE'}]}",sensor,['Mayki'],Mayki,USAR_PC_MANHA,2024-10-09 09:26:20.035228,QUARTO
180,QUARTO_PLUG_01-003,dispe3d457f8ccadfa505c7579f0d2a7f630,3s2d1f0sdf1sdf18s79sddf,"{'status': [{'code': 'switch_1', 'value': 'ON'}]}",atuador,['Mayki'],Mayki,USAR_PC_MANHA,2024-10-09 09:26:25.000360,QUARTO
181,QUARTO_SENSOR_PRESENCA-002,dispcb84ddaedb893afc1d478e18a6a44419,0s9d8f9s0d8f0s9df8s0f8,"{'status': [{'code': 'presence_state', 'value': 'OFF'}, {'code': 'human_motion_state', 'value': 'NONE'}]}",sensor,['Mayki'],Mayki,IR_NA_VARANDA,2024-10-09 09:26:25.244273,QUARTO
182,QUARTO_SENSOR_PRESENCA-002,dispcb84ddaedb893afc1d478e18a6a44419,0s9d8f9s0d8f0s9df8s0f8,"{'status': [{'code': 'presence_state', 'value': 'ON'}, {'code': 'human_motion_state', 'value': 'LARGER_MOVE'}]}",sensor,['Mayki'],Mayki,USAR_PC_MANHA,2024-10-09 09:36:25.868726,QUARTO
183,QUARTO_SENSOR_PRESENCA-002,dispcb84ddaedb893afc1d478e18a6a44419,0s9d8f9s0d8f0s9df8s0f8,"{'status': [{'code': 'presence_state', 'value': 'OFF'}, {'code': 'human_motion_state', 'value': 'NONE'}]}",sensor,['Mayki'],Mayki,IR_NA_VARANDA,2024-10-09 09:36:25.824113,QUARTO
184,QUARTO_SENSOR_PRESENCA-002,dispcb84ddaedb893afc1d478e18a6a44419,0s9d8f9s0d8f0s9df8s0f8,"{'status': [{'code': 'presence_state', 'value': 'ON'}, {'code': 'human_motion_state', 'value': 'LARGER_MOVE'}]}",sensor,['Mayki'],Mayki,USAR_PC_MANHA,2024-10-09 09:46:25.936020,QUARTO
185,QUARTO_SENSOR_PRESENCA-002,dispcb84ddaedb893afc1d478e18a6a44419,0s9d8f9s0d8f0s9df8s0f8,"{'status': [{'code': 'presence_state', 'value': 'OFF'}, {'code': 'human_motion_state', 'value': 'NONE'}]}",sensor,['Mayki'],Mayki,IR_NA_VARANDA,2024-10-09 09:46:25.622080,QUARTO
186,QUARTO_SENSOR_PRESENCA-002,dispcb84ddaedb893afc1d478e18a6a44419,0s9d8f9s0d8f0s9df8s0f8,"{'status': [{'code': 'presence_state', 'value': 'ON'}, {'code': 'human_motion_state', 'value': 'LARGER_MOVE'}]}",sensor,['Mayki'],Mayki,USAR_PC_MANHA,2024-10-09 09:56:25.303497,QUARTO
187,QUARTO_SENSOR_PRESENCA-002,dispcb84ddaedb893afc1d478e18a6a44419,0s9d8f9s0d8f0s9df8s0f8,"{'status': [{'code': 'presence_state', 'value': 'OFF'}, {'code': 'human_motion_state', 'value': 'NONE'}]}",sensor,['Mayki'],Mayki,USAR_BANHEIRO,2024-10-09 10:06:25.104133,QUARTO
188,QUARTO_SENSOR_PRESENCA-002,dispcb84ddaedb893afc1d478e18a6a44419,0s9d8f9s0d8f0s9df8s0f8,"{'status': [{'code': 'presence_state', 'value': 'ON'}, {'code': 'human_motion_state', 'value': 'LARGER_MOVE'}]}",sensor,['Mayki'],Mayki,USAR_PC_MANHA,2024-10-09 10:11:25.879697,QUARTO
189,QUARTO_SENSOR_PRESENCA-002,dispcb84ddaedb893afc1d478e18a6a44419,0s9d8f9s0d8f0s9df8s0f8,"{'status': [{'code': 'presence_state', 'value': 'OFF'}, {'code': 'human_motion_state', 'value': 'NONE'}]}",sensor,['Mayki'],Mayki,IR_NA_VARANDA,2024-10-09 10:11:25.007865,QUARTO
190,QUARTO_SENSOR_PRESENCA-002,dispcb84ddaedb893afc1d478e18a6a44419,0s9d8f9s0d8f0s9df8s0f8,"{'status': [{'code': 'presence_state', 'value': 'ON'}, {'code': 'human_motion_state', 'value': 'LARGER_MOVE'}]}",sensor,['Mayki'],Mayki,USAR_PC_MANHA,2024-10-09 10:21:25.111718,QUARTO
191,QUARTO_PLUG_01-003,dispe3d457f8ccadfa505c7579f0d2a7f630,3s2d1f0sdf1sdf18s79sddf,"{'status': [{'code': 'switch_1', 'value': 'OFF'}]}",atuador,['Mayki'],Mayki,USAR_PC_MANHA,2024-10-09 10:27:56.636388,QUARTO
192,QUARTO_SENSOR_PRESENCA-002,dispcb84ddaedb893afc1d478e18a6a44419,0s9d8f9s0d8f0s9df8s0f8,"{'status': [{'code': 'presence_state', 'value': 'OFF'}, {'code': 'human_motion_state', 'value': 'NONE'}]}",sensor,['Mayki'],Mayki,FAZER_NADA_DIA,2024-10-09 10:39:20.475425,QUARTO
193,QUARTO_SENSOR_PRESENCA-002,dispcb84ddaedb893afc1d478e18a6a44419,0s9d8f9s0d8f0s9df8s0f8,"{'status': [{'code': 'presence_state', 'value': 'ON'}, {'code': 'human_motion_state', 'value': 'LARGER_MOVE'}]}",sensor,['Mayki'],Mayki,FAZER_NADA_NOITE,2024-10-09 19:34:50.472337,QUARTO
194,QUARTO_LAMPADA-001,dispf34127e9d687887832c76c7fed087a61,435a6fsdfsdfs879s9fs7,"{'status': [{'code': 'switch_led', 'value': 'ON'}, {'code': 'bright_value_v2', 'value': 1000}, {'code': 'temp_value_v2', 'value': 500}]}",atuador,['Mayki'],Mayki,FAZER_NADA_NOITE,2024-10-09 19:34:55.339118,QUARTO
195,QUARTO_PLUG_01-003,dispe3d457f8ccadfa505c7579f0d2a7f630,3s2d1f0sdf1sdf18s79sddf,"{'status': [{'code': 'switch_1', 'value': 'ON'}]}",atuador,['Mayki'],Mayki,USAR_PC_NOITE,2024-10-09 19:47:12.601234,QUARTO
196,QUARTO_LAMPADA-001,dispf34127e9d687887832c76c7fed087a61,435a6fsdfsdfs879s9fs7,"{'status': [{'code': 'switch_led', 'value': 'OFF'}, {'code': 'bright_value_v2', 'value': 1000}, {'code': 'temp_value_v2', 'value': 500}]}",atuador,['Mayki'],Mayki,BEBER_AGUA,2024-10-09 21:31:23.197863,QUARTO
197,QUARTO_SENSOR_PRESENCA-002,dispcb84ddaedb893afc1d478e18a6a44419,0s9d8f9s0d8f0s9df8s0f8,"{'status': [{'code': 'presence_state', 'value': 'OFF'}, {'code': 'human_motion_state', 'value': 'NONE'}]}",sensor,['Mayki'],Mayki,BEBER_AGUA,2024-10-09 21:31:23.710264,QUARTO
198,QUARTO_SENSOR_PRESENCA-002,dispcb84ddaedb893afc1d478e18a6a44419,0s9d8f9s0d8f0s9df8s0f8,"{'status': [{'code': 'presence_state', 'value': 'ON'}, {'code': 'human_motion_state', 'value': 'LARGER_MOVE'}]}",sensor,['Mayki'],Mayki,USAR_PC_NOITE,2024-10-09 21:37:23.572587,QUARTO
199,QUARTO_LAMPADA-001,dispf34127e9d687887832c76c7fed087a61,435a6fsdfsdfs879s9fs7,"{'status': [{'code': 'switch_led', 'value': 'ON'}, {'code': 'bright_value_v2', 'value': 1000}, {'code': 'temp_value_v2', 'value': 500}]}",atuador,['Mayki'],Mayki,USAR_PC_NOITE,2024-10-09 21:37:28.339513,QUARTO
200,QUARTO_LAMPADA-001,dispf34127e9d687887832c76c7fed087a61,435a6fsdfsdfs879s9fs7,"{'status': [{'code': 'switch_led', 'value': 'OFF'}, {'code': 'bright_value_v2', 'value': 1000}, {'code': 'temp_value_v2', 'value': 500}]}",atuador,['Mayki'],Mayki,IR_NA_VARANDA,2024-10-09 21:48:21.746248,QUARTO
201,QUARTO_SENSOR_PRESENCA-002,dispcb84ddaedb893afc1d478e18a6a44419,0s9d8f9s0d8f0s9df8s0f8,"{'status': [{'code': 'presence_state', 'value': 'OFF'}, {'code': 'human_motion_state', 'value': 'NONE'}]}",sensor,['Mayki'],Mayki,IR_NA_VARANDA,2024-10-09 21:48:21.971984,QUARTO
202,QUARTO_SENSOR_PRESENCA-002,dispcb84ddaedb893afc1d478e18a6a44419,0s9d8f9s0d8f0s9df8s0f8,"{'status': [{'code': 'presence_state', 'value': 'ON'}, {'code': 'human_motion_state', 'value': 'LARGER_MOVE'}]}",sensor,['Mayki'],Mayki,USAR_PC_NOITE,2024-10-09 21:58:21.721722,QUARTO
203,QUARTO_LAMPADA-001,dispf34127e9d687887832c76c7fed087a61,435a6fsdfsdfs879s9fs7,"{'status': [{'code': 'switch_led', 'value': 'ON'}, {'code': 'bright_value_v2', 'value': 1000}, {'code': 'temp_value_v2', 'value': 500}]}",atuador,['Mayki'],Mayki,USAR_PC_NOITE,2024-10-09 21:58:26.935680,QUARTO
204,QUARTO_LAMPADA-001,dispf34127e9d687887832c76c7fed087a61,435a6fsdfsdfs879s9fs7,"{'status': [{'code': 'switch_led', 'value': 'OFF'}, {'code': 'bright_value_v2', 'value': 1000}, {'code': 'temp_value_v2', 'value': 500}]}",atuador,['Mayki'],Mayki,BEBER_AGUA,2024-10-09 23:03:53.944546,QUARTO
205,QUARTO_SENSOR_PRESENCA-002,dispcb84ddaedb893afc1d478e18a6a44419,0s9d8f9s0d8f0s9df8s0f8,"{'status': [{'code': 'presence_state', 'value': 'OFF'}, {'code': 'human_motion_state', 'value': 'NONE'}]}",sensor,['Mayki'],Mayki,BEBER_AGUA,2024-10-09 23:03:53.086556,QUARTO
206,QUARTO_SENSOR_PRESENCA-002,dispcb84ddaedb893afc1d478e18a6a44419,0s9d8f9s0d8f0s9df8s0f8,"{'status': [{'code': 'presence_state', 'value': 'ON'}, {'code': 'human_motion_state', 'value': 'LARGER_MOVE'}]}",sensor,['Mayki'],Mayki,USAR_PC_NOITE_FIM_QUA,2024-10-09 23:09:53.092052,QUARTO
207,QUARTO_LAMPADA-001,dispf34127e9d687887832c76c7fed087a61,435a6fsdfsdfs879s9fs7,"{'status': [{'code': 'switch_led', 'value': 'ON'}, {'code': 'bright_value_v2', 'value': 1000}, {'code': 'temp_value_v2', 'value': 500}]}",atuador,['Mayki'],Mayki,USAR_PC_NOITE_FIM_QUA,2024-10-09 23:09:58.673774,QUARTO
